<?xml version="1.0" encoding="UTF-8" ?>
<!DOCTYPE log4j:configuration SYSTEM "log4j.dtd">

<log4j:configuration>
    <appender name="console" class="org.apache.log4j.ConsoleAppender">
        <param name="Target" value="System.out"/>
        <layout class="org.apache.log4j.PatternLayout">
            <param name="ConversionPattern" value="%d %-5p %c{1} - %m%n"/>
        </layout>
    </appender>

    <logger name="ru.mipt.snp">
        <level value="debug"/>
    </logger>

    <root>
        <priority value="info"/>
        <appender-ref ref="console"/>
    </root>

</log4j:configuration>