<module>

    <inherits name="com.google.gwt.user.User"/>

    <inherits name="com.google.gwt.i18n.I18N"/>
    <inherits name="com.google.code.p.gwtchismes.GWTChismes"/>
    <extend-property name="locale" values="ru"/>
    <extend-property name="locale" values="ru_RU"/>
    <extend-property name="locale" values="en"/>

    <entry-point class="ru.mipt.snp.web.gwt.client.Snp"/>

    <servlet path="/ru.mipt.snp.web.gwt.Login/UserProfileService"
             class="ru.mipt.snp.web.gwt.server.UserProfileServiceImpl"/>
</module>