<?xml version="1.0" encoding="UTF-8"?>
<beans xmlns="http://www.springframework.org/schema/beans"
       xmlns:xsi="http://www.w3.org/2001/XMLSchema-instance"
       xmlns:sec="http://www.springframework.org/schema/security"
       xmlns:util="http://www.springframework.org/schema/util"
       xsi:schemaLocation="
       http://www.springframework.org/schema/beans http://www.springframework.org/schema/beans/spring-beans-2.0.xsd
       http://www.springframework.org/schema/util http://www.springframework.org/schema/util/spring-util-2.0.xsd
       http://www.springframework.org/schema/security http://www.springframework.org/schema/security/spring-security-2.0.4.xsd
       ">

    <sec:http auto-config="true">
        <!-- Restrict URLs based on role -->
        <sec:intercept-url pattern="/login*" access="IS_AUTHENTICATED_ANONYMOUSLY"/>
        <sec:intercept-url pattern="/*.css" access="IS_AUTHENTICATED_ANONYMOUSLY"/>
        <sec:intercept-url pattern="/standard/**" access="IS_AUTHENTICATED_ANONYMOUSLY"/>
        <sec:intercept-url pattern="/logoutSuccess*" access="IS_AUTHENTICATED_ANONYMOUSLY"/>

        <sec:intercept-url pattern="/**" access="ROLE_ADMIN"/>

        <!-- Override default login and logout pages -->
        <sec:form-login login-page="/login.jsp"
                             login-processing-url="/j_security_check"
                             default-target-url="/main.jsp"
                             always-use-default-target="true"
                             authentication-failure-url="/login.jsp?login_error=1"/>
        <sec:logout logout-url="/logout" logout-success-url="/login.jsp"/>

        <sec:remember-me key="snpAutoLoginKey" user-service-ref="profileDao"/>

    </sec:http>

    <sec:authentication-provider user-service-ref="profileDao"/>

</beans>